id,genre,n_chars,n_letters,n_upper,n_punct,share_punct,n_sentences,n_words,n_unique_words,ttr,share_hapax,avg_sent_len_words,avg_word_len,commas_per_sent,dashes_per_sent,questions_per_sent,exclam_per_sent,pos_noun_share,pos_verb_share,pos_adj_share,pos_adv_share,pos_pron_share,pos_adp_share,pos_cconj_share,pos_sconj_share,pos_part_share,pos_det_share,pos_num_share,pos_propn_share,pos_intj_share,pos_aux_share,verb_past_share,verb_pres_share,verb_fut_share,noun_sing_share,adj_short_share,case_nom_share,case_gen_share,case_dat_share,case_acc_share,case_ins_share,case_loc_share
0,news,796,658,24,23,0.028894472361809045,7,105,85,0.8095238095238095,0.788235294117647,15.0,6.276190476190476,1.4285714285714286,0.2857142857142857,0.0,0.0,0.3047619047619048,0.13333333333333333,0.10476190476190476,0.06666666666666667,0.05714285714285714,0.10476190476190476,0.02857142857142857,0.01904761904761905,0.0380952380952381,0.02857142857142857,0.009523809523809525,0.10476190476190476,0.0,0.0,0.14285714285714285,0.6428571428571429,0.0,0.59375,0.2727272727272727,0.28125,0.3125,0.0,0.25,0.09375,0.0625
1,analytics,643,489,25,31,0.04821150855365474,10,92,74,0.8043478260869565,0.8378378378378378,9.2,5.760869565217392,0.2,0.2,0.0,0.0,0.33695652173913043,0.14130434782608695,0.08695652173913043,0.021739130434782608,0.010869565217391304,0.14130434782608695,0.010869565217391304,0.010869565217391304,0.0,0.0,0.13043478260869565,0.10869565217391304,0.0,0.0,0.15384615384615385,0.3076923076923077,0.3076923076923077,0.9032258064516129,0.0,0.2903225806451613,0.2903225806451613,0.06451612903225806,0.12903225806451613,0.12903225806451613,0.0967741935483871
2,news,627,475,22,30,0.04784688995215311,10,90,72,0.8,0.8333333333333334,9.0,5.733333333333333,0.2,0.2,0.0,0.0,0.34444444444444444,0.14444444444444443,0.07777777777777778,0.022222222222222223,0.011111111111111112,0.14444444444444443,0.011111111111111112,0.011111111111111112,0.0,0.0,0.13333333333333333,0.1,0.0,0.0,0.15384615384615385,0.3076923076923077,0.3076923076923077,0.9032258064516129,0.0,0.2903225806451613,0.2903225806451613,0.06451612903225806,0.12903225806451613,0.12903225806451613,0.0967741935483871
3,report,700,551,21,29,0.041428571428571426,10,110,82,0.7454545454545455,0.7560975609756098,11.0,5.1,0.8,0.3,0.0,0.0,0.3,0.13636363636363635,0.07272727272727272,0.01818181818181818,0.07272727272727272,0.09090909090909091,0.00909090909090909,0.03636363636363636,0.02727272727272727,0.06363636363636363,0.03636363636363636,0.07272727272727272,0.00909090909090909,0.05454545454545454,0.6,0.13333333333333333,0.13333333333333333,0.8787878787878788,0.0,0.24242424242424243,0.3333333333333333,0.06060606060606061,0.21212121212121213,0.12121212121212122,0.030303030303030304
4,analytics,713,590,33,17,0.023842917251051893,6,94,75,0.7978723404255319,0.88,15.666666666666666,6.25531914893617,0.8333333333333334,0.16666666666666666,0.0,0.0,0.30851063829787234,0.10638297872340426,0.18085106382978725,0.010638297872340425,0.0,0.14893617021276595,0.010638297872340425,0.0,0.0,0.031914893617021274,0.0425531914893617,0.1595744680851064,0.0,0.0,0.5,0.5,0.0,0.896551724137931,0.0,0.20689655172413793,0.3448275862068966,0.0,0.10344827586206896,0.034482758620689655,0.3103448275862069
5,analytics,699,565,23,29,0.04148783977110158,9,96,71,0.7395833333333334,0.7887323943661971,10.666666666666666,5.802083333333333,1.0,0.3333333333333333,0.0,0.0,0.21875,0.125,0.125,0.07291666666666667,0.08333333333333333,0.07291666666666667,0.020833333333333332,0.010416666666666666,0.0625,0.052083333333333336,0.03125,0.125,0.0,0.0,0.4166666666666667,0.4166666666666667,0.0,0.5714285714285714,0.4166666666666667,0.38095238095238093,0.19047619047619047,0.0,0.19047619047619047,0.14285714285714285,0.09523809523809523
6,news,606,461,30,26,0.0429042904290429,8,91,70,0.7692307692307693,0.8142857142857143,11.375,5.1098901098901095,0.5,0.0,0.0,0.0,0.23076923076923078,0.12087912087912088,0.10989010989010989,0.054945054945054944,0.06593406593406594,0.14285714285714285,0.02197802197802198,0.0,0.03296703296703297,0.02197802197802198,0.0,0.17582417582417584,0.0,0.02197802197802198,0.45454545454545453,0.45454545454545453,0.09090909090909091,0.8571428571428571,0.0,0.23809523809523808,0.19047619047619047,0.0,0.2857142857142857,0.19047619047619047,0.09523809523809523
7,report,656,527,32,17,0.025914634146341462,8,96,75,0.78125,0.8266666666666667,12.0,5.677083333333333,0.0,0.25,0.0,0.0,0.3645833333333333,0.08333333333333333,0.15625,0.010416666666666666,0.0,0.125,0.03125,0.0,0.0,0.0,0.020833333333333332,0.20833333333333334,0.0,0.0,1.0,0.0,0.0,0.8857142857142857,0.0,0.17142857142857143,0.34285714285714286,0.02857142857142857,0.2,0.05714285714285714,0.2
8,analytics,1032,838,33,33,0.03197674418604651,11,156,115,0.7371794871794872,0.8,14.181818181818182,5.416666666666667,1.0909090909090908,0.18181818181818182,0.0,0.0,0.23076923076923078,0.14743589743589744,0.11538461538461539,0.08974358974358974,0.019230769230769232,0.14102564102564102,0.03205128205128205,0.019230769230769232,0.038461538461538464,0.019230769230769232,0.03205128205128205,0.10897435897435898,0.0,0.00641025641025641,0.17391304347826086,0.17391304347826086,0.08695652173913043,0.8055555555555556,0.3888888888888889,0.16666666666666666,0.2777777777777778,0.027777777777777776,0.3055555555555556,0.027777777777777776,0.19444444444444445
9,news,1125,906,24,47,0.041777777777777775,13,165,116,0.703030303030303,0.7672413793103449,12.692307692307692,5.509090909090909,1.2307692307692308,0.6153846153846154,0.3076923076923077,0.0,0.23636363636363636,0.19393939393939394,0.06666666666666667,0.06666666666666667,0.09090909090909091,0.15151515151515152,0.024242424242424242,0.03636363636363636,0.024242424242424242,0.01818181818181818,0.01818181818181818,0.06060606060606061,0.0,0.012121212121212121,0.40625,0.125,0.0625,0.8205128205128205,0.09090909090909091,0.23076923076923078,0.2564102564102564,0.05128205128205128,0.2564102564102564,0.1282051282051282,0.07692307692307693
10,report,696,540,26,31,0.04454022988505747,10,107,82,0.7663551401869159,0.8170731707317073,10.7,5.233644859813084,0.6,0.2,0.0,0.0,0.3364485981308411,0.102803738317757,0.12149532710280374,0.009345794392523364,0.018691588785046728,0.14953271028037382,0.018691588785046728,0.0,0.009345794392523364,0.018691588785046728,0.102803738317757,0.11214953271028037,0.0,0.0,0.2727272727272727,0.09090909090909091,0.6363636363636364,0.8888888888888888,0.0,0.2222222222222222,0.4166666666666667,0.05555555555555555,0.1388888888888889,0.05555555555555555,0.1111111111111111
11,news,646,483,25,40,0.06191950464396285,9,97,75,0.7731958762886598,0.7733333333333333,10.777777777777779,5.298969072164948,0.8888888888888888,0.3333333333333333,0.0,0.2222222222222222,0.29896907216494845,0.1134020618556701,0.07216494845360824,0.030927835051546393,0.05154639175257732,0.13402061855670103,0.020618556701030927,0.0,0.010309278350515464,0.041237113402061855,0.09278350515463918,0.13402061855670103,0.0,0.0,0.8181818181818182,0.18181818181818182,0.0,0.8275862068965517,0.0,0.27586206896551724,0.4482758620689655,0.0,0.06896551724137931,0.0,0.20689655172413793
12,news,932,739,55,57,0.0611587982832618,9,130,89,0.6846153846153846,0.7865168539325843,14.444444444444445,5.7153846153846155,0.7777777777777778,0.1111111111111111,0.0,0.0,0.35384615384615387,0.09230769230769231,0.07692307692307693,0.015384615384615385,0.007692307692307693,0.12307692307692308,0.03076923076923077,0.0,0.03076923076923077,0.046153846153846156,0.015384615384615385,0.2,0.0,0.007692307692307693,1.0,0.0,0.0,0.8478260869565217,0.0,0.3695652173913043,0.1956521739130435,0.06521739130434782,0.1956521739130435,0.13043478260869565,0.043478260869565216
13,report,916,718,36,50,0.05458515283842795,10,131,92,0.7022900763358778,0.782608695652174,13.1,5.656488549618321,0.4,0.0,0.0,0.0,0.25190839694656486,0.12213740458015267,0.16030534351145037,0.007633587786259542,0.007633587786259542,0.16793893129770993,0.03816793893129771,0.0,0.007633587786259542,0.0,0.05343511450381679,0.17557251908396945,0.0,0.007633587786259542,0.9375,0.0,0.0,0.9393939393939394,0.0,0.15151515151515152,0.21212121212121213,0.12121212121212122,0.21212121212121213,0.12121212121212122,0.18181818181818182
14,analytics,617,472,22,40,0.06482982171799027,4,85,71,0.8352941176470589,0.8309859154929577,21.25,5.764705882352941,3.0,0.25,0.0,0.0,0.25882352941176473,0.12941176470588237,0.11764705882352941,0.047058823529411764,0.03529411764705882,0.09411764705882353,0.023529411764705882,0.0,0.023529411764705882,0.023529411764705882,0.10588235294117647,0.12941176470588237,0.0,0.011764705882352941,0.7272727272727273,0.18181818181818182,0.09090909090909091,0.8636363636363636,0.1,0.22727272727272727,0.45454545454545453,0.0,0.13636363636363635,0.045454545454545456,0.13636363636363635
15,analytics,1117,911,26,34,0.03043867502238138,9,164,108,0.6585365853658537,0.7222222222222222,18.22222222222222,5.585365853658536,1.8888888888888888,0.2222222222222222,0.0,0.0,0.3231707317073171,0.1524390243902439,0.07926829268292683,0.07317073170731707,0.024390243902439025,0.08536585365853659,0.04878048780487805,0.04878048780487805,0.024390243902439025,0.054878048780487805,0.024390243902439025,0.042682926829268296,0.0,0.018292682926829267,0.44,0.36,0.04,0.5961538461538461,0.07692307692307693,0.3584905660377358,0.33962264150943394,0.09433962264150944,0.09433962264150944,0.05660377358490566,0.03773584905660377
16,analytics,1207,987,42,41,0.03396851698425849,13,169,117,0.6923076923076923,0.7606837606837606,13.0,5.899408284023669,1.1538461538461537,0.07692307692307693,0.0,0.0,0.28402366863905326,0.17159763313609466,0.08284023668639054,0.03550295857988166,0.05917159763313609,0.09467455621301775,0.011834319526627219,0.029585798816568046,0.01775147928994083,0.029585798816568046,0.01775147928994083,0.15384615384615385,0.0,0.011834319526627219,0.8275862068965517,0.06896551724137931,0.0,0.6041666666666666,0.07142857142857142,0.16666666666666666,0.3958333333333333,0.041666666666666664,0.20833333333333334,0.020833333333333332,0.16666666666666666
17,analytics,698,571,19,25,0.03581661891117478,6,95,79,0.8315789473684211,0.8860759493670886,15.833333333333334,5.936842105263158,2.1666666666666665,0.16666666666666666,0.0,0.0,0.25263157894736843,0.11578947368421053,0.12631578947368421,0.08421052631578947,0.06315789473684211,0.06315789473684211,0.06315789473684211,0.031578947368421054,0.021052631578947368,0.021052631578947368,0.010526315789473684,0.12631578947368421,0.0,0.021052631578947368,0.36363636363636365,0.36363636363636365,0.0,0.7083333333333334,0.08333333333333333,0.25,0.25,0.125,0.125,0.16666666666666666,0.08333333333333333
18,news,860,664,29,35,0.040697674418604654,10,131,92,0.7022900763358778,0.7934782608695652,13.1,5.244274809160306,0.7,0.0,0.1,0.0,0.25190839694656486,0.1297709923664122,0.08396946564885496,0.04580152671755725,0.06870229007633588,0.16030534351145037,0.022900763358778626,0.015267175572519083,0.015267175572519083,0.015267175572519083,0.07633587786259542,0.11450381679389313,0.0,0.0,0.47058823529411764,0.29411764705882354,0.0,0.696969696969697,0.0,0.21212121212121213,0.3333333333333333,0.06060606060606061,0.15151515151515152,0.06060606060606061,0.18181818181818182
19,report,715,569,24,24,0.033566433566433566,8,109,74,0.6788990825688074,0.7297297297297297,13.625,5.229357798165138,0.75,0.25,0.0,0.0,0.28440366972477066,0.10091743119266056,0.08256880733944955,0.03669724770642202,0.07339449541284404,0.14678899082568808,0.009174311926605505,0.027522935779816515,0.01834862385321101,0.027522935779816515,0.07339449541284404,0.11009174311926606,0.0,0.009174311926605505,0.7272727272727273,0.09090909090909091,0.18181818181818182,1.0,0.2222222222222222,0.1935483870967742,0.3225806451612903,0.03225806451612903,0.12903225806451613,0.0967741935483871,0.22580645161290322
20,report,906,694,53,58,0.0640176600441501,13,136,106,0.7794117647058824,0.8301886792452831,10.461538461538462,5.264705882352941,2.0,0.15384615384615385,0.0,0.0,0.27941176470588236,0.08088235294117647,0.10294117647058823,0.007352941176470588,0.014705882352941176,0.11764705882352941,0.014705882352941176,0.0,0.007352941176470588,0.014705882352941176,0.08088235294117647,0.27941176470588236,0.0,0.0,0.2727272727272727,0.09090909090909091,0.6363636363636364,0.8421052631578947,0.0,0.23684210526315788,0.42105263157894735,0.05263157894736842,0.13157894736842105,0.05263157894736842,0.10526315789473684
21,report,656,520,25,23,0.0350609756097561,6,97,78,0.8041237113402062,0.8461538461538461,16.166666666666668,5.494845360824742,0.6666666666666666,0.0,0.0,0.0,0.3402061855670103,0.08247422680412371,0.12371134020618557,0.0,0.0,0.14432989690721648,0.010309278350515464,0.0,0.0,0.020618556701030927,0.14432989690721648,0.12371134020618557,0.0,0.010309278350515464,0.625,0.25,0.125,0.8787878787878788,0.0,0.21212121212121213,0.42424242424242425,0.030303030303030304,0.09090909090909091,0.06060606060606061,0.18181818181818182
22,report,1038,829,30,28,0.02697495183044316,9,153,109,0.7124183006535948,0.8073394495412844,17.0,5.660130718954249,0.6666666666666666,0.1111111111111111,0.0,0.0,0.37254901960784315,0.10457516339869281,0.10457516339869281,0.013071895424836602,0.006535947712418301,0.16339869281045752,0.013071895424836602,0.0,0.0,0.013071895424836602,0.0718954248366013,0.12418300653594772,0.0,0.013071895424836602,0.5,0.1875,0.1875,0.9298245614035088,0.0,0.17543859649122806,0.47368421052631576,0.03508771929824561,0.05263157894736842,0.08771929824561403,0.17543859649122806
23,news,714,563,30,30,0.04201680672268908,8,106,80,0.7547169811320755,0.7875,13.25,5.415094339622642,0.5,0.25,0.0,0.0,0.24528301886792453,0.07547169811320754,0.1792452830188679,0.03773584905660377,0.04716981132075472,0.14150943396226415,0.02830188679245283,0.0,0.0,0.03773584905660377,0.04716981132075472,0.1509433962264151,0.0,0.009433962264150943,0.375,0.375,0.25,0.76,0.0,0.2692307692307692,0.3076923076923077,0.038461538461538464,0.11538461538461539,0.0,0.23076923076923078
24,news,681,522,28,36,0.05286343612334802,12,95,74,0.7789473684210526,0.8108108108108109,7.916666666666667,5.894736842105263,0.4166666666666667,0.0,0.0,0.0,0.30526315789473685,0.09473684210526316,0.10526315789473684,0.021052631578947368,0.010526315789473684,0.08421052631578947,0.021052631578947368,0.0,0.0,0.0,0.16842105263157894,0.18947368421052632,0.0,0.0,0.5555555555555556,0.1111111111111111,0.3333333333333333,0.8620689655172413,0.1,0.3448275862068966,0.27586206896551724,0.034482758620689655,0.10344827586206896,0.10344827586206896,0.13793103448275862
25,analytics,702,560,33,25,0.03561253561253561,6,104,73,0.7019230769230769,0.7671232876712328,17.333333333333332,5.5673076923076925,0.5,0.3333333333333333,0.0,0.0,0.28846153846153844,0.125,0.09615384615384616,0.038461538461538464,0.0,0.1346153846153846,0.04807692307692308,0.0,0.0,0.009615384615384616,0.0673076923076923,0.19230769230769232,0.0,0.0,0.6153846153846154,0.0,0.23076923076923078,0.9333333333333333,0.0,0.2,0.4,0.0,0.16666666666666666,0.06666666666666667,0.16666666666666666
26,report,1330,1028,83,86,0.06466165413533835,15,186,130,0.6989247311827957,0.7846153846153846,12.4,5.801075268817204,1.9333333333333333,0.13333333333333333,0.0,0.0,0.27956989247311825,0.08602150537634409,0.10752688172043011,0.021505376344086023,0.0,0.11827956989247312,0.021505376344086023,0.0,0.010752688172043012,0.016129032258064516,0.08064516129032258,0.25806451612903225,0.0,0.0,0.375,0.125,0.4375,0.9038461538461539,0.0,0.28846153846153844,0.4230769230769231,0.057692307692307696,0.057692307692307696,0.057692307692307696,0.11538461538461539
27,report,282,227,31,7,0.024822695035460994,4,36,33,0.9166666666666666,0.9090909090909091,9.0,5.638888888888889,0.0,0.0,0.0,0.0,0.3333333333333333,0.08333333333333333,0.1388888888888889,0.0,0.0,0.16666666666666666,0.027777777777777776,0.0,0.0,0.0,0.05555555555555555,0.19444444444444445,0.0,0.0,1.0,0.0,0.0,0.9166666666666666,0.0,0.4166666666666667,0.16666666666666666,0.0,0.08333333333333333,0.16666666666666666,0.16666666666666666
28,news,724,604,26,23,0.031767955801104975,7,96,76,0.7916666666666666,0.8289473684210527,13.714285714285714,6.291666666666667,0.7142857142857143,0.14285714285714285,0.0,0.0,0.3229166666666667,0.11458333333333333,0.11458333333333333,0.03125,0.010416666666666666,0.15625,0.03125,0.020833333333333332,0.010416666666666666,0.041666666666666664,0.0,0.13541666666666666,0.0,0.010416666666666666,0.09090909090909091,0.45454545454545453,0.09090909090909091,0.8387096774193549,0.0,0.1935483870967742,0.2903225806451613,0.0967741935483871,0.22580645161290322,0.06451612903225806,0.12903225806451613
29,report,701,537,17,33,0.047075606276747506,9,110,83,0.7545454545454545,0.7831325301204819,12.222222222222221,5.163636363636364,0.6666666666666666,0.1111111111111111,0.0,0.0,0.34545454545454546,0.13636363636363635,0.10909090909090909,0.01818181818181818,0.01818181818181818,0.11818181818181818,0.045454545454545456,0.0,0.01818181818181818,0.03636363636363636,0.08181818181818182,0.06363636363636363,0.0,0.00909090909090909,0.9333333333333333,0.0,0.06666666666666667,0.8947368421052632,0.0,0.23684210526315788,0.3684210526315789,0.05263157894736842,0.13157894736842105,0.07894736842105263,0.13157894736842105
30,analytics,746,584,29,40,0.05361930294906166,9,108,84,0.7777777777777778,0.8095238095238095,12.0,5.444444444444445,0.7777777777777778,0.4444444444444444,0.0,0.0,0.28703703703703703,0.08333333333333333,0.12962962962962962,0.05555555555555555,0.046296296296296294,0.1388888888888889,0.027777777777777776,0.009259259259259259,0.027777777777777776,0.009259259259259259,0.037037037037037035,0.14814814814814814,0.0,0.0,0.4444444444444444,0.4444444444444444,0.1111111111111111,0.7419354838709677,0.0,0.22580645161290322,0.41935483870967744,0.0,0.06451612903225806,0.16129032258064516,0.12903225806451613
31,report,516,390,18,13,0.025193798449612403,6,79,54,0.6835443037974683,0.7777777777777778,13.166666666666666,5.3164556962025316,0.3333333333333333,0.3333333333333333,0.0,0.0,0.4177215189873418,0.10126582278481013,0.13924050632911392,0.0,0.0,0.1518987341772152,0.0379746835443038,0.0,0.0,0.012658227848101266,0.06329113924050633,0.0759493670886076,0.0,0.0,0.375,0.375,0.125,0.75,0.0,0.18181818181818182,0.48484848484848486,0.030303030303030304,0.06060606060606061,0.06060606060606061,0.15151515151515152
32,analytics,4629,3732,96,168,0.03629293583927414,65,708,372,0.5254237288135594,0.739247311827957,10.892307692307693,5.303672316384181,1.0615384615384615,0.1076923076923077,0.0,0.0,0.211864406779661,0.18361581920903955,0.07203389830508475,0.07909604519774012,0.10734463276836158,0.10875706214689265,0.04943502824858757,0.03531073446327684,0.059322033898305086,0.02401129943502825,0.011299435028248588,0.043785310734463276,0.0,0.014124293785310734,0.5692307692307692,0.18461538461538463,0.0,0.7919463087248322,0.1568627450980392,0.18666666666666668,0.26,0.05333333333333334,0.24,0.14666666666666667,0.10666666666666667
33,news,683,521,30,31,0.04538799414348463,9,107,75,0.7009345794392523,0.7466666666666667,11.88888888888889,5.140186915887851,0.2222222222222222,0.0,0.0,0.0,0.3925233644859813,0.09345794392523364,0.12149532710280374,0.009345794392523364,0.0,0.1588785046728972,0.028037383177570093,0.0,0.0,0.009345794392523364,0.06542056074766354,0.12149532710280374,0.0,0.0,0.1,0.2,0.7,0.9523809523809523,0.0,0.23809523809523808,0.4523809523809524,0.047619047619047616,0.07142857142857142,0.07142857142857142,0.11904761904761904
34,news,692,544,36,40,0.057803468208092484,4,89,66,0.7415730337078652,0.8484848484848485,22.25,6.348314606741573,1.25,0.0,0.0,0.0,0.33707865168539325,0.06741573033707865,0.12359550561797752,0.0,0.011235955056179775,0.12359550561797752,0.011235955056179775,0.0,0.0,0.0,0.033707865168539325,0.29213483146067415,0.0,0.0,0.6666666666666666,0.16666666666666666,0.0,0.9333333333333333,0.0,0.36666666666666664,0.36666666666666664,0.0,0.13333333333333333,0.0,0.13333333333333333
35,analytics,3838,3149,112,123,0.03204794163626889,47,549,320,0.5828779599271403,0.725,11.680851063829786,5.746812386156648,0.7446808510638298,0.10638297872340426,0.0851063829787234,0.0,0.2331511839708561,0.12932604735883424,0.1111111111111111,0.06557377049180328,0.058287795992714025,0.1111111111111111,0.04189435336976321,0.029143897996357013,0.061930783242258654,0.04553734061930783,0.012750455373406194,0.08561020036429873,0.0,0.014571948998178506,0.4507042253521127,0.23943661971830985,0.028169014084507043,0.8064516129032258,0.19672131147540983,0.3046875,0.265625,0.046875,0.1953125,0.0390625,0.109375
36,news,251,209,13,9,0.035856573705179286,1,32,32,1.0,1.0,32.0,6.625,1.0,0.0,0.0,0.0,0.3125,0.0625,0.15625,0.0,0.03125,0.09375,0.03125,0.0,0.0,0.0,0.03125,0.28125,0.0,0.0,1.0,0.0,0.0,1.0,0.0,0.2,0.7,0.0,0.1,0.0,0.0
37,news,1273,1009,33,61,0.047918303220738416,13,190,140,0.7368421052631579,0.8,14.615384615384615,5.378947368421053,1.5384615384615385,0.3076923076923077,0.0,0.0,0.2,0.1631578947368421,0.08421052631578947,0.06842105263157895,0.09473684210526316,0.13157894736842105,0.021052631578947368,0.021052631578947368,0.021052631578947368,0.042105263157894736,0.05263157894736842,0.09473684210526316,0.0,0.005263157894736842,0.25806451612903225,0.45161290322580644,0.0967741935483871,0.8421052631578947,0.125,0.3684210526315789,0.18421052631578946,0.07894736842105263,0.21052631578947367,0.02631578947368421,0.13157894736842105
38,analytics,605,486,19,21,0.03471074380165289,10,90,70,0.7777777777777778,0.8285714285714286,9.0,5.5,0.4,0.0,0.0,0.3,0.32222222222222224,0.13333333333333333,0.1111111111111111,0.044444444444444446,0.03333333333333333,0.15555555555555556,0.03333333333333333,0.022222222222222223,0.044444444444444446,0.022222222222222223,0.011111111111111112,0.06666666666666667,0.0,0.0,0.4166666666666667,0.5,0.0,0.9310344827586207,0.0,0.2413793103448276,0.27586206896551724,0.034482758620689655,0.1724137931034483,0.034482758620689655,0.2413793103448276
39,report,1073,835,32,38,0.035414725069897485,11,172,96,0.5581395348837209,0.625,15.636363636363637,4.976744186046512,0.5454545454545454,0.18181818181818182,0.0,0.0,0.3081395348837209,0.10465116279069768,0.09883720930232558,0.03488372093023256,0.011627906976744186,0.1569767441860465,0.05232558139534884,0.0,0.011627906976744186,0.01744186046511628,0.11627906976744186,0.0872093023255814,0.0,0.0,0.5,0.2777777777777778,0.2222222222222222,0.8113207547169812,0.0,0.20754716981132076,0.3584905660377358,0.018867924528301886,0.1509433962264151,0.09433962264150944,0.16981132075471697
40,analytics,1385,1119,23,66,0.047653429602888084,18,199,150,0.7537688442211056,0.7733333333333333,11.055555555555555,5.532663316582915,1.2777777777777777,0.05555555555555555,0.0,0.05555555555555555,0.2914572864321608,0.20603015075376885,0.04522613065326633,0.06532663316582915,0.09547738693467336,0.12060301507537688,0.03015075376884422,0.01507537688442211,0.02512562814070352,0.06030150753768844,0.010050251256281407,0.010050251256281407,0.0,0.02512562814070352,0.17073170731707318,0.4146341463414634,0.024390243902439025,0.7586206896551724,0.1111111111111111,0.25862068965517243,0.2413793103448276,0.017241379310344827,0.25862068965517243,0.06896551724137931,0.15517241379310345
41,analytics,612,492,25,26,0.042483660130718956,7,84,71,0.8452380952380952,0.8873239436619719,12.0,6.011904761904762,0.7142857142857143,0.2857142857142857,0.0,0.0,0.2857142857142857,0.14285714285714285,0.08333333333333333,0.023809523809523808,0.03571428571428571,0.10714285714285714,0.03571428571428571,0.023809523809523808,0.0,0.011904761904761904,0.05952380952380952,0.15476190476190477,0.0,0.03571428571428571,0.4166666666666667,0.25,0.0,0.8333333333333334,0.42857142857142855,0.25,0.25,0.08333333333333333,0.25,0.08333333333333333,0.08333333333333333
42,report,926,741,77,52,0.056155507559395246,6,125,97,0.776,0.8041237113402062,20.833333333333332,6.048,3.5,0.0,0.0,0.0,0.256,0.064,0.096,0.008,0.0,0.112,0.008,0.0,0.0,0.0,0.032,0.424,0.0,0.0,0.375,0.25,0.375,0.9375,0.0,0.21875,0.40625,0.0,0.1875,0.0625,0.125
43,analytics,743,590,32,35,0.047106325706594884,9,108,85,0.7870370370370371,0.8235294117647058,12.0,5.574074074074074,0.7777777777777778,0.1111111111111111,0.0,0.0,0.26851851851851855,0.12037037037037036,0.09259259259259259,0.05555555555555555,0.06481481481481481,0.12037037037037036,0.046296296296296294,0.027777777777777776,0.027777777777777776,0.06481481481481481,0.027777777777777776,0.08333333333333333,0.0,0.0,0.6153846153846154,0.38461538461538464,0.0,0.9310344827586207,0.0,0.1724137931034483,0.27586206896551724,0.0,0.20689655172413793,0.13793103448275862,0.20689655172413793
44,news,809,658,18,28,0.034610630407911,9,105,87,0.8285714285714286,0.8850574712643678,11.666666666666666,6.190476190476191,0.5555555555555556,0.0,0.0,0.0,0.34285714285714286,0.1523809523809524,0.10476190476190476,0.01904761904761905,0.009523809523809525,0.19047619047619047,0.01904761904761905,0.0,0.009523809523809525,0.01904761904761905,0.05714285714285714,0.0761904761904762,0.0,0.0,0.6875,0.25,0.0,0.8055555555555556,0.0,0.1111111111111111,0.3611111111111111,0.08333333333333333,0.1388888888888889,0.08333333333333333,0.2222222222222222
45,analytics,509,408,17,17,0.03339882121807466,4,75,56,0.7466666666666667,0.7857142857142857,18.75,5.626666666666667,1.5,0.0,0.0,0.0,0.36,0.14666666666666667,0.09333333333333334,0.02666666666666667,0.013333333333333334,0.2,0.013333333333333334,0.0,0.0,0.02666666666666667,0.02666666666666667,0.09333333333333334,0.0,0.0,0.5454545454545454,0.18181818181818182,0.09090909090909091,0.76,0.0,0.14814814814814814,0.2222222222222222,0.1111111111111111,0.18518518518518517,0.1111111111111111,0.14814814814814814
46,analytics,948,730,29,46,0.04852320675105485,11,149,100,0.6711409395973155,0.69,13.545454545454545,5.154362416107382,0.6363636363636364,0.18181818181818182,0.0,0.0,0.2684563758389262,0.12751677852348994,0.15436241610738255,0.03355704697986577,0.03355704697986577,0.11409395973154363,0.04697986577181208,0.006711409395973154,0.026845637583892617,0.013422818791946308,0.0738255033557047,0.087248322147651,0.0,0.013422818791946308,0.7368421052631579,0.15789473684210525,0.05263157894736842,0.925,0.0,0.25,0.35,0.025,0.175,0.05,0.15
47,analytics,971,822,36,18,0.018537590113285273,6,130,72,0.5538461538461539,0.5694444444444444,21.666666666666668,6.323076923076923,1.0,0.16666666666666666,0.0,0.0,0.3230769230769231,0.1,0.15384615384615385,0.03076923076923077,0.007692307692307693,0.1076923076923077,0.046153846153846156,0.007692307692307693,0.015384615384615385,0.038461538461538464,0.0,0.16153846153846155,0.0,0.007692307692307693,0.6153846153846154,0.23076923076923078,0.0,0.8048780487804879,0.05,0.09523809523809523,0.4523809523809524,0.023809523809523808,0.11904761904761904,0.14285714285714285,0.14285714285714285
48,analytics,807,652,26,28,0.03469640644361834,10,123,87,0.7073170731707317,0.7471264367816092,12.3,5.349593495934959,1.1,0.1,0.3,0.0,0.22764227642276422,0.17073170731707318,0.04878048780487805,0.08130081300813008,0.07317073170731707,0.08130081300813008,0.07317073170731707,0.032520325203252036,0.04065040650406504,0.04065040650406504,0.024390243902439025,0.07317073170731707,0.0,0.032520325203252036,0.38095238095238093,0.3333333333333333,0.0,0.7777777777777778,0.0,0.2857142857142857,0.21428571428571427,0.03571428571428571,0.21428571428571427,0.03571428571428571,0.17857142857142858
49,news,733,570,29,22,0.030013642564802184,7,120,81,0.675,0.7160493827160493,17.142857142857142,4.966666666666667,0.7142857142857143,0.14285714285714285,0.0,0.0,0.2833333333333333,0.09166666666666666,0.09166666666666666,0.016666666666666666,0.008333333333333333,0.15833333333333333,0.058333333333333334,0.0,0.008333333333333333,0.016666666666666666,0.08333333333333333,0.18333333333333332,0.0,0.0,0.7272727272727273,0.18181818181818182,0.09090909090909091,0.7941176470588235,0.0,0.14705882352941177,0.4411764705882353,0.029411764705882353,0.08823529411764706,0.14705882352941177,0.14705882352941177
50,analytics,708,570,25,32,0.04519774011299435,8,96,77,0.8020833333333334,0.8181818181818182,12.0,5.90625,0.875,0.375,0.0,0.0,0.22916666666666666,0.19791666666666666,0.11458333333333333,0.041666666666666664,0.09375,0.09375,0.03125,0.020833333333333332,0.020833333333333332,0.020833333333333332,0.010416666666666666,0.11458333333333333,0.0,0.010416666666666666,0.2631578947368421,0.3157894736842105,0.10526315789473684,0.8571428571428571,0.0,0.3181818181818182,0.18181818181818182,0.045454545454545456,0.2727272727272727,0.045454545454545456,0.09090909090909091
51,report,754,584,21,35,0.046419098143236075,8,116,75,0.646551724137931,0.6666666666666666,14.5,5.232758620689655,0.75,0.375,0.0,0.0,0.33620689655172414,0.11206896551724138,0.10344827586206896,0.008620689655172414,0.0,0.14655172413793102,0.034482758620689655,0.0,0.008620689655172414,0.034482758620689655,0.11206896551724138,0.10344827586206896,0.0,0.0,0.5384615384615384,0.15384615384615385,0.3076923076923077,0.7948717948717948,0.08333333333333333,0.28205128205128205,0.41025641025641024,0.0,0.1282051282051282,0.05128205128205128,0.1282051282051282
52,analytics,260,217,15,5,0.019230769230769232,2,30,26,0.8666666666666667,0.9230769230769231,15.0,7.133333333333334,0.0,0.5,0.5,0.0,0.36666666666666664,0.1,0.1,0.03333333333333333,0.0,0.2,0.0,0.0,0.0,0.0,0.03333333333333333,0.16666666666666666,0.0,0.0,0.3333333333333333,0.3333333333333333,0.0,0.8181818181818182,0.0,0.18181818181818182,0.45454545454545453,0.0,0.18181818181818182,0.0,0.18181818181818182
53,report,797,638,28,32,0.04015056461731493,9,109,83,0.7614678899082569,0.7710843373493976,12.11111111111111,6.08256880733945,0.2222222222222222,0.3333333333333333,0.0,0.1111111111111111,0.3302752293577982,0.11009174311926606,0.1559633027522936,0.03669724770642202,0.009174311926605505,0.1559633027522936,0.01834862385321101,0.0,0.0,0.01834862385321101,0.03669724770642202,0.11926605504587157,0.0,0.009174311926605505,0.75,0.16666666666666666,0.0,0.9428571428571428,0.0,0.16666666666666666,0.3055555555555556,0.05555555555555555,0.19444444444444445,0.05555555555555555,0.19444444444444445
54,news,1068,834,39,55,0.05149812734082397,17,169,110,0.650887573964497,0.7636363636363637,9.941176470588236,4.875739644970414,1.2941176470588236,0.17647058823529413,0.23529411764705882,0.0,0.1301775147928994,0.23076923076923078,0.05917159763313609,0.04142011834319527,0.17751479289940827,0.08284023668639054,0.029585798816568046,0.05325443786982249,0.04142011834319527,0.029585798816568046,0.023668639053254437,0.05917159763313609,0.005917159763313609,0.03550295857988166,0.358974358974359,0.3076923076923077,0.05128205128205128,0.8636363636363636,0.3,0.3181818181818182,0.09090909090909091,0.0,0.3181818181818182,0.045454545454545456,0.22727272727272727
55,report,618,493,34,31,0.05016181229773463,11,88,78,0.8863636363636364,0.9102564102564102,8.0,5.681818181818182,0.36363636363636365,0.09090909090909091,0.0,0.2727272727272727,0.25,0.11363636363636363,0.11363636363636363,0.03409090909090909,0.10227272727272728,0.09090909090909091,0.022727272727272728,0.022727272727272728,0.0,0.022727272727272728,0.03409090909090909,0.19318181818181818,0.0,0.0,0.4,0.3,0.0,0.7727272727272727,0.1,0.45454545454545453,0.09090909090909091,0.09090909090909091,0.18181818181818182,0.045454545454545456,0.13636363636363635
56,report,1047,835,43,34,0.03247373447946514,11,160,110,0.6875,0.7363636363636363,14.545454545454545,5.3625,0.7272727272727273,0.09090909090909091,0.0,0.0,0.35,0.125,0.075,0.01875,0.025,0.14375,0.03125,0.00625,0.00625,0.01875,0.0625,0.1375,0.0,0.0,0.9,0.1,0.0,0.9107142857142857,0.0,0.26785714285714285,0.375,0.03571428571428571,0.125,0.07142857142857142,0.125
57,news,627,475,22,30,0.04784688995215311,10,90,72,0.8,0.8333333333333334,9.0,5.733333333333333,0.2,0.2,0.0,0.0,0.34444444444444444,0.14444444444444443,0.07777777777777778,0.022222222222222223,0.011111111111111112,0.14444444444444443,0.011111111111111112,0.011111111111111112,0.0,0.0,0.13333333333333333,0.1,0.0,0.0,0.15384615384615385,0.3076923076923077,0.3076923076923077,0.9032258064516129,0.0,0.2903225806451613,0.2903225806451613,0.06451612903225806,0.12903225806451613,0.12903225806451613,0.0967741935483871
58,news,1894,1565,45,59,0.031151003167898626,13,247,174,0.7044534412955465,0.7816091954022989,19.0,6.384615384615385,2.076923076923077,0.15384615384615385,0.0,0.0,0.3724696356275304,0.16194331983805668,0.08502024291497975,0.024291497975708502,0.02834008097165992,0.15789473684210525,0.024291497975708502,0.020242914979757085,0.004048582995951417,0.048582995951417005,0.016194331983805668,0.05263157894736842,0.0,0.004048582995951417,0.75,0.125,0.0,0.7252747252747253,0.0,0.14130434782608695,0.32608695652173914,0.021739130434782608,0.2717391304347826,0.10869565217391304,0.11956521739130435
59,news,1013,821,51,32,0.0315893385982231,8,141,85,0.6028368794326241,0.6705882352941176,17.625,5.865248226950355,1.25,0.375,0.0,0.0,0.2765957446808511,0.14893617021276595,0.11347517730496454,0.0070921985815602835,0.0851063829787234,0.10638297872340426,0.03546099290780142,0.04964539007092199,0.0,0.02127659574468085,0.0,0.14893617021276595,0.0,0.0070921985815602835,0.2857142857142857,0.09523809523809523,0.23809523809523808,0.8947368421052632,0.0625,0.23076923076923078,0.3076923076923077,0.02564102564102564,0.20512820512820512,0.02564102564102564,0.1794871794871795
60,news,667,538,27,28,0.041979010494752625,14,97,70,0.7216494845360825,0.7571428571428571,6.928571428571429,5.402061855670103,0.6428571428571429,0.07142857142857142,0.14285714285714285,0.0,0.15463917525773196,0.21649484536082475,0.10309278350515463,0.09278350515463918,0.1958762886597938,0.061855670103092786,0.041237113402061855,0.030927835051546393,0.020618556701030927,0.020618556701030927,0.0,0.030927835051546393,0.0,0.030927835051546393,0.3333333333333333,0.3333333333333333,0.19047619047619047,0.8666666666666667,0.3,0.4666666666666667,0.06666666666666667,0.0,0.2,0.13333333333333333,0.13333333333333333
61,report,694,531,28,41,0.059077809798270896,9,106,81,0.7641509433962265,0.8024691358024691,11.777777777777779,5.226415094339623,0.8888888888888888,0.0,0.0,0.0,0.330188679245283,0.10377358490566038,0.10377358490566038,0.009433962264150943,0.018867924528301886,0.14150943396226415,0.02830188679245283,0.0,0.009433962264150943,0.018867924528301886,0.11320754716981132,0.12264150943396226,0.0,0.0,0.2727272727272727,0.09090909090909091,0.6363636363636364,0.8857142857142857,0.0,0.2571428571428571,0.42857142857142855,0.05714285714285714,0.11428571428571428,0.02857142857142857,0.11428571428571428
62,report,784,614,25,35,0.044642857142857144,8,119,86,0.7226890756302521,0.7558139534883721,14.875,5.34453781512605,1.0,0.25,0.0,0.0,0.2773109243697479,0.1092436974789916,0.08403361344537816,0.008403361344537815,0.025210084033613446,0.14285714285714285,0.01680672268907563,0.0,0.008403361344537815,0.03361344537815126,0.14285714285714285,0.14285714285714285,0.0,0.008403361344537815,0.6923076923076923,0.15384615384615385,0.15384615384615385,0.7878787878787878,0.0,0.2727272727272727,0.42424242424242425,0.06060606060606061,0.09090909090909091,0.0,0.15151515151515152
63,analytics,656,533,19,21,0.03201219512195122,7,97,74,0.7628865979381443,0.7432432432432432,13.857142857142858,5.536082474226804,1.2857142857142858,0.42857142857142855,0.14285714285714285,0.0,0.21649484536082475,0.16494845360824742,0.10309278350515463,0.09278350515463918,0.08247422680412371,0.08247422680412371,0.041237113402061855,0.010309278350515464,0.010309278350515464,0.041237113402061855,0.010309278350515464,0.14432989690721648,0.0,0.0,0.3125,0.3125,0.0625,0.8571428571428571,0.2,0.23809523809523808,0.14285714285714285,0.0,0.2857142857142857,0.19047619047619047,0.14285714285714285
64,report,646,507,25,27,0.04179566563467492,9,98,75,0.7653061224489796,0.8133333333333334,10.88888888888889,5.326530612244898,0.4444444444444444,0.2222222222222222,0.0,0.0,0.32653061224489793,0.10204081632653061,0.12244897959183673,0.01020408163265306,0.02040816326530612,0.15306122448979592,0.02040816326530612,0.0,0.01020408163265306,0.02040816326530612,0.09183673469387756,0.12244897959183673,0.0,0.0,0.4,0.4,0.2,0.875,0.0,0.21875,0.375,0.0625,0.125,0.0625,0.15625
65,news,845,678,35,41,0.0485207100591716,9,108,84,0.7777777777777778,0.7976190476190477,12.0,5.9907407407407405,0.5555555555555556,0.2222222222222222,0.0,0.0,0.39814814814814814,0.12037037037037036,0.1111111111111111,0.027777777777777776,0.009259259259259259,0.1388888888888889,0.027777777777777776,0.009259259259259259,0.009259259259259259,0.027777777777777776,0.018518518518518517,0.10185185185185185,0.0,0.0,0.7692307692307693,0.07692307692307693,0.15384615384615385,0.6744186046511628,0.0,0.3953488372093023,0.2558139534883721,0.023255813953488372,0.16279069767441862,0.046511627906976744,0.11627906976744186
66,news,989,734,52,101,0.10212335692618807,8,133,95,0.7142857142857143,0.7473684210526316,16.625,5.7518796992481205,2.625,0.0,0.0,0.0,0.2556390977443609,0.06766917293233082,0.11278195488721804,0.007518796992481203,0.007518796992481203,0.09022556390977443,0.03007518796992481,0.0,0.0,0.022556390977443608,0.09774436090225563,0.3082706766917293,0.0,0.0,0.6666666666666666,0.1111111111111111,0.1111111111111111,0.8529411764705882,0.06666666666666667,0.14705882352941177,0.4411764705882353,0.08823529411764706,0.11764705882352941,0.08823529411764706,0.11764705882352941
67,news,630,487,15,28,0.044444444444444446,4,101,81,0.801980198019802,0.8395061728395061,25.25,4.930693069306931,3.5,0.25,0.0,0.0,0.21782178217821782,0.13861386138613863,0.0891089108910891,0.04950495049504951,0.0594059405940594,0.12871287128712872,0.039603960396039604,0.009900990099009901,0.019801980198019802,0.0594059405940594,0.0891089108910891,0.0891089108910891,0.0,0.009900990099009901,0.21428571428571427,0.42857142857142855,0.07142857142857142,0.8636363636363636,0.3333333333333333,0.22727272727272727,0.13636363636363635,0.045454545454545456,0.18181818181818182,0.22727272727272727,0.18181818181818182
68,report,664,511,22,25,0.03765060240963856,10,107,73,0.6822429906542056,0.7397260273972602,10.7,4.97196261682243,0.2,0.3,0.0,0.0,0.3644859813084112,0.09345794392523364,0.09345794392523364,0.009345794392523364,0.018691588785046728,0.16822429906542055,0.028037383177570093,0.0,0.009345794392523364,0.018691588785046728,0.09345794392523364,0.102803738317757,0.0,0.0,0.5,0.3,0.2,0.8461538461538461,0.0,0.20512820512820512,0.41025641025641024,0.07692307692307693,0.1282051282051282,0.05128205128205128,0.1282051282051282
69,news,1470,1243,23,32,0.021768707482993196,14,187,143,0.7647058823529411,0.8251748251748252,13.357142857142858,6.684491978609626,0.5714285714285714,0.0,0.0,0.07142857142857142,0.36363636363636365,0.11229946524064172,0.1443850267379679,0.058823529411764705,0.0374331550802139,0.10695187165775401,0.03208556149732621,0.0213903743315508,0.0106951871657754,0.03208556149732621,0.016042780748663103,0.03208556149732621,0.0,0.03208556149732621,0.47619047619047616,0.23809523809523808,0.047619047619047616,0.7647058823529411,0.1111111111111111,0.20588235294117646,0.4117647058823529,0.014705882352941176,0.22058823529411764,0.10294117647058823,0.04411764705882353
70,news,1237,946,43,68,0.0549717057396928,20,183,117,0.639344262295082,0.7094017094017094,9.15,5.081967213114754,0.8,0.1,0.0,0.25,0.3333333333333333,0.1092896174863388,0.09289617486338798,0.03825136612021858,0.04918032786885246,0.14754098360655737,0.03278688524590164,0.00546448087431694,0.03278688524590164,0.02185792349726776,0.07103825136612021,0.060109289617486336,0.0,0.00546448087431694,0.65,0.25,0.0,0.8,0.0,0.14754098360655737,0.45901639344262296,0.03278688524590164,0.19672131147540983,0.06557377049180328,0.08196721311475409
71,report,723,566,26,28,0.03872752420470263,10,111,77,0.6936936936936937,0.7532467532467533,11.1,5.225225225225225,0.5,0.1,0.0,0.0,0.36036036036036034,0.10810810810810811,0.0990990990990991,0.036036036036036036,0.05405405405405406,0.11711711711711711,0.018018018018018018,0.018018018018018018,0.0,0.009009009009009009,0.04504504504504504,0.0990990990990991,0.0,0.036036036036036036,0.4166666666666667,0.3333333333333333,0.08333333333333333,0.825,0.09090909090909091,0.25,0.475,0.05,0.1,0.025,0.1
72,news,708,574,20,25,0.03531073446327684,9,103,77,0.7475728155339806,0.8051948051948052,11.444444444444445,5.611650485436893,0.7777777777777778,0.1111111111111111,0.0,0.0,0.1941747572815534,0.1262135922330097,0.11650485436893204,0.10679611650485436,0.11650485436893204,0.14563106796116504,0.019417475728155338,0.019417475728155338,0.009708737864077669,0.038834951456310676,0.019417475728155338,0.07766990291262135,0.0,0.009708737864077669,0.23076923076923078,0.6153846153846154,0.0,0.85,0.16666666666666666,0.3,0.4,0.0,0.0,0.1,0.2
73,report,655,499,26,39,0.059541984732824425,6,101,83,0.8217821782178217,0.9036144578313253,16.833333333333332,5.089108910891089,1.6666666666666667,0.3333333333333333,0.0,0.0,0.19801980198019803,0.12871287128712872,0.09900990099009901,0.019801980198019802,0.0891089108910891,0.0891089108910891,0.0297029702970297,0.0297029702970297,0.019801980198019802,0.04950495049504951,0.06930693069306931,0.12871287128712872,0.0,0.04950495049504951,0.38461538461538464,0.38461538461538464,0.0,0.65,0.3,0.25,0.25,0.1,0.05,0.1,0.25
74,report,713,543,26,37,0.051893408134642355,6,109,69,0.6330275229357798,0.6521739130434783,18.166666666666668,5.348623853211009,0.6666666666666666,0.16666666666666666,0.0,0.0,0.3669724770642202,0.08256880733944955,0.11009174311926606,0.009174311926605505,0.0,0.14678899082568808,0.027522935779816515,0.0,0.0,0.03669724770642202,0.08256880733944955,0.13761467889908258,0.0,0.0,0.8888888888888888,0.0,0.1111111111111111,0.875,0.0,0.15,0.425,0.1,0.1,0.075,0.15
75,news,1040,858,19,33,0.03173076923076923,12,141,111,0.7872340425531915,0.8378378378378378,11.75,5.971631205673759,1.0,0.08333333333333333,0.0,0.08333333333333333,0.3049645390070922,0.19858156028368795,0.10638297872340426,0.04964539007092199,0.03546099290780142,0.16312056737588654,0.028368794326241134,0.0,0.02127659574468085,0.03546099290780142,0.028368794326241134,0.02127659574468085,0.0,0.0070921985815602835,0.07142857142857142,0.6071428571428571,0.0,0.813953488372093,0.0,0.27906976744186046,0.23255813953488372,0.046511627906976744,0.16279069767441862,0.06976744186046512,0.20930232558139536
76,analytics,1474,1176,38,56,0.037991858887381276,19,226,148,0.6548672566371682,0.7297297297297297,11.894736842105264,5.283185840707965,1.0,0.10526315789473684,0.0,0.0,0.26548672566371684,0.13716814159292035,0.11946902654867257,0.03982300884955752,0.030973451327433628,0.13274336283185842,0.03982300884955752,0.008849557522123894,0.022123893805309734,0.035398230088495575,0.07079646017699115,0.084070796460177,0.0,0.01327433628318584,0.5483870967741935,0.2903225806451613,0.16129032258064516,0.8166666666666667,0.037037037037037035,0.26666666666666666,0.3,0.03333333333333333,0.13333333333333333,0.03333333333333333,0.23333333333333334
77,analytics,643,489,25,31,0.04821150855365474,10,92,74,0.8043478260869565,0.8378378378378378,9.2,5.760869565217392,0.2,0.2,0.0,0.0,0.33695652173913043,0.14130434782608695,0.08695652173913043,0.021739130434782608,0.010869565217391304,0.14130434782608695,0.010869565217391304,0.010869565217391304,0.0,0.0,0.13043478260869565,0.10869565217391304,0.0,0.0,0.15384615384615385,0.3076923076923077,0.3076923076923077,0.9032258064516129,0.0,0.2903225806451613,0.2903225806451613,0.06451612903225806,0.12903225806451613,0.12903225806451613,0.0967741935483871
78,news,1007,794,25,33,0.03277060575968222,12,167,108,0.6467065868263473,0.7777777777777778,13.916666666666666,4.808383233532934,1.3333333333333333,0.08333333333333333,0.0,0.0,0.2215568862275449,0.1437125748502994,0.08982035928143713,0.03592814371257485,0.1317365269461078,0.1317365269461078,0.03592814371257485,0.03592814371257485,0.029940119760479042,0.017964071856287425,0.041916167664670656,0.0658682634730539,0.0,0.017964071856287425,0.2916666666666667,0.375,0.08333333333333333,0.8378378378378378,0.3333333333333333,0.1891891891891892,0.40540540540540543,0.0,0.16216216216216217,0.08108108108108109,0.16216216216216217
79,analytics,966,756,25,43,0.044513457556935816,12,152,108,0.7105263157894737,0.7777777777777778,12.666666666666666,4.927631578947368,1.3333333333333333,0.25,0.25,0.0,0.21710526315789475,0.15789473684210525,0.07894736842105263,0.039473684210526314,0.125,0.09868421052631579,0.039473684210526314,0.05921052631578947,0.039473684210526314,0.02631578947368421,0.046052631578947366,0.07236842105263158,0.0,0.0,0.16666666666666666,0.5416666666666666,0.125,0.8484848484848485,0.16666666666666666,0.30303030303030304,0.36363636363636365,0.0,0.12121212121212122,0.0,0.21212121212121213
80,analytics,702,560,33,25,0.03561253561253561,6,104,73,0.7019230769230769,0.7671232876712328,17.333333333333332,5.5673076923076925,0.5,0.3333333333333333,0.0,0.0,0.28846153846153844,0.125,0.09615384615384616,0.038461538461538464,0.0,0.1346153846153846,0.04807692307692308,0.0,0.0,0.009615384615384616,0.0673076923076923,0.19230769230769232,0.0,0.0,0.6153846153846154,0.0,0.23076923076923078,0.9333333333333333,0.0,0.2,0.4,0.0,0.16666666666666666,0.06666666666666667,0.16666666666666666
81,analytics,769,621,26,22,0.02860858257477243,9,107,78,0.7289719626168224,0.7948717948717948,11.88888888888889,5.897196261682243,0.4444444444444444,0.1111111111111111,0.0,0.0,0.40186915887850466,0.102803738317757,0.102803738317757,0.037383177570093455,0.0,0.12149532710280374,0.018691588785046728,0.0,0.0,0.009345794392523364,0.08411214953271028,0.12149532710280374,0.0,0.0,0.7272727272727273,0.2727272727272727,0.0,0.8604651162790697,0.0,0.23255813953488372,0.4186046511627907,0.06976744186046512,0.09302325581395349,0.06976744186046512,0.11627906976744186
82,report,572,462,24,19,0.033216783216783216,5,86,67,0.7790697674418605,0.8507462686567164,17.2,5.441860465116279,0.6,0.0,0.0,0.0,0.36046511627906974,0.08139534883720931,0.08139534883720931,0.0,0.011627906976744186,0.16279069767441862,0.023255813953488372,0.011627906976744186,0.0,0.011627906976744186,0.06976744186046512,0.18604651162790697,0.0,0.0,0.7142857142857143,0.2857142857142857,0.0,0.8709677419354839,0.14285714285714285,0.1935483870967742,0.3870967741935484,0.0,0.12903225806451613,0.06451612903225806,0.22580645161290322
83,report,750,598,19,27,0.036,9,115,92,0.8,0.8586956521739131,12.777777777777779,5.208695652173913,1.1111111111111112,0.1111111111111111,0.0,0.0,0.2782608695652174,0.1391304347826087,0.1565217391304348,0.05217391304347826,0.05217391304347826,0.12173913043478261,0.05217391304347826,0.008695652173913044,0.017391304347826087,0.02608695652173913,0.02608695652173913,0.043478260869565216,0.0,0.02608695652173913,0.6875,0.125,0.0,0.7741935483870968,0.05555555555555555,0.25,0.3125,0.0625,0.21875,0.0,0.125
84,report,906,709,39,34,0.037527593818984545,13,141,99,0.7021276595744681,0.7878787878787878,10.846153846153847,5.212765957446808,0.3076923076923077,0.15384615384615385,0.0,0.0,0.3191489361702128,0.09929078014184398,0.12056737588652482,0.014184397163120567,0.014184397163120567,0.15602836879432624,0.014184397163120567,0.0,0.0070921985815602835,0.014184397163120567,0.07801418439716312,0.16312056737588654,0.0,0.0,0.7857142857142857,0.07142857142857142,0.14285714285714285,0.8444444444444444,0.0,0.2222222222222222,0.3111111111111111,0.044444444444444446,0.17777777777777778,0.06666666666666667,0.17777777777777778
85,analytics,1058,877,36,24,0.022684310018903593,8,142,95,0.6690140845070423,0.7157894736842105,17.75,6.169014084507042,1.125,0.125,0.0,0.0,0.33098591549295775,0.11971830985915492,0.13380281690140844,0.028169014084507043,0.04225352112676056,0.16901408450704225,0.02112676056338028,0.014084507042253521,0.035211267605633804,0.028169014084507043,0.014084507042253521,0.04225352112676056,0.0,0.02112676056338028,0.5882352941176471,0.29411764705882354,0.058823529411764705,0.6222222222222222,0.0,0.19148936170212766,0.3404255319148936,0.10638297872340426,0.1702127659574468,0.02127659574468085,0.1276595744680851
86,report,877,674,60,66,0.07525655644241733,11,122,96,0.7868852459016393,0.8229166666666666,11.090909090909092,5.745901639344262,2.3636363636363638,0.0,0.0,0.0,0.29508196721311475,0.07377049180327869,0.06557377049180328,0.01639344262295082,0.0,0.08196721311475409,0.01639344262295082,0.0,0.0,0.00819672131147541,0.08196721311475409,0.36065573770491804,0.0,0.0,0.4444444444444444,0.0,0.5555555555555556,0.8611111111111112,0.0,0.25,0.3888888888888889,0.027777777777777776,0.1111111111111111,0.1111111111111111,0.1111111111111111
87,report,745,608,27,28,0.03758389261744966,7,96,77,0.8020833333333334,0.8441558441558441,13.714285714285714,6.479166666666667,1.1428571428571428,0.14285714285714285,0.0,0.0,0.3333333333333333,0.14583333333333334,0.09375,0.0,0.03125,0.14583333333333334,0.010416666666666666,0.03125,0.0,0.020833333333333332,0.052083333333333336,0.13541666666666666,0.0,0.0,0.35714285714285715,0.35714285714285715,0.14285714285714285,0.9354838709677419,0.0,0.21875,0.5,0.03125,0.125,0.0,0.09375
88,analytics,1781,1437,33,58,0.03256597417181359,14,275,182,0.6618181818181819,0.7692307692307693,19.642857142857142,5.250909090909091,2.0,0.21428571428571427,0.0,0.0,0.24,0.12727272727272726,0.09818181818181818,0.08363636363636363,0.05454545454545454,0.13454545454545455,0.025454545454545455,0.025454545454545455,0.06181818181818182,0.04,0.04,0.05090909090909091,0.0,0.01818181818181818,0.2,0.37142857142857144,0.11428571428571428,0.7538461538461538,0.14814814814814814,0.22727272727272727,0.3333333333333333,0.045454545454545456,0.18181818181818182,0.0,0.19696969696969696
89,news,309,239,15,14,0.045307443365695796,3,44,38,0.8636363636363636,0.8421052631578947,14.666666666666666,5.681818181818182,0.3333333333333333,0.0,0.0,0.0,0.3409090909090909,0.11363636363636363,0.13636363636363635,0.0,0.0,0.13636363636363635,0.022727272727272728,0.0,0.0,0.0,0.11363636363636363,0.13636363636363635,0.0,0.0,0.8,0.2,0.0,0.8,0.0,0.2,0.4,0.0,0.13333333333333333,0.06666666666666667,0.2
